{
  "moi_xx": 1.23,
  "moi_xy": 45.45,
  "moi_xz": -0.67,
  "moi_yx": 0.89,
  "moi_yy": 2.34,
  "moi_yz": -0.56,
  "moi_zx": -0.78,
  "moi_zy": 0.91,
  "moi_zz": 3.45,
  "em_turns": 150,
  "em_core_length": 0.12,
  "em_core_area": 0.045,
  "em_max_current": 5.6,
  "orb_tle_1": "1 25544U 98067A   23245.68644676  .00016717  00000-0  10270-3 0  9999",
  "orb_tle_2": "2 25544  51.6416  32.4123 0006926  15.4986  85.5007 15.50064382419349",
  "orb_is_tle": true,
  "orb_inclination": 51.64,
  "orb_eccentricity": 0.0006926,
  "orb_semi_major": 6778.1,
  "orb_semi_minor": 6777.8,
  "att_y0": 0.1,
  "att_p0": 0.2,
  "att_r0": 0.3,
  "att_w10": 0.5,
  "att_w20": 0.6,
  "att_w30": 0.7,
  "sim_stop_time": 1000.0,
  "sim_step_time": 0.1
}
